[
	{
		"pkg": "@capacitor/app",
		"classpath": "com.capacitorjs.plugins.app.AppPlugin"
	},
	{
		"pkg": "@capacitor/browser",
		"classpath": "com.capacitorjs.plugins.browser.BrowserPlugin"
	},
	{
		"pkg": "@capacitor/camera",
		"classpath": "com.capacitorjs.plugins.camera.CameraPlugin"
	},
	{
		"pkg": "@capacitor/filesystem",
		"classpath": "com.capacitorjs.plugins.filesystem.FilesystemPlugin"
	},
	{
		"pkg": "@capacitor/geolocation",
		"classpath": "com.capacitorjs.plugins.geolocation.GeolocationPlugin"
	},
	{
		"pkg": "@capacitor/network",
		"classpath": "com.capacitorjs.plugins.network.NetworkPlugin"
	},
	{
		"pkg": "@capacitor/preferences",
		"classpath": "com.capacitorjs.plugins.preferences.PreferencesPlugin"
	},
	{
		"pkg": "@capacitor/push-notifications",
		"classpath": "com.capacitorjs.plugins.pushnotifications.PushNotificationsPlugin"
	},
	{
		"pkg": "@capacitor/splash-screen",
		"classpath": "com.capacitorjs.plugins.splashscreen.SplashScreenPlugin"
	},
	{
		"pkg": "@capacitor/status-bar",
		"classpath": "com.capacitorjs.plugins.statusbar.StatusBarPlugin"
	}
]
