{
	"appId": "com.dtps.app",
	"appName": "DTPS",
	"webDir": "public",
	"server": {
		"url": "https://dtps.tech/user",
		"cleartext": false,
		"allowNavigation": [
			"dtps.tech",
			"*.dtps.tech",
			"razorpay.com",
			"*.razorpay.com",
			"googleapis.com",
			"*.googleapis.com"
		]
	},
	"android": {
		"allowMixedContent": false,
		"captureInput": true,
		"webContentsDebuggingEnabled": false,
		"backgroundColor": "#ffffff"
	},
	"ios": {
		"contentInset": "automatic",
		"scrollEnabled": true
	},
	"plugins": {
		"PushNotifications": {
			"presentationOptions": [
				"badge",
				"sound",
				"alert"
			]
		},
		"SplashScreen": {
			"launchShowDuration": 2000,
			"launchAutoHide": true,
			"backgroundColor": "#ffffff",
			"androidScaleType": "CENTER_CROP",
			"showSpinner": true,
			"spinnerColor": "#10b981"
		},
		"StatusBar": {
			"style": "light",
			"backgroundColor": "#10b981"
		},
		"Keyboard": {
			"resize": "body",
			"style": "dark",
			"resizeOnFullScreen": true
		}
	}
}
